{
    "si": {
        "precision": 0.7310126582278481,
        "recall": 0.6470588235294118,
        "f1-score": 0.6864784546805349,
        "support": 357.0
    },
    "no": {
        "precision": 0.6701570680628273,
        "recall": 0.750733137829912,
        "f1-score": 0.7081604426002768,
        "support": 341.0
    },
    "accuracy": 0.6977077363896849,
    "macro avg": {
        "precision": 0.7005848631453377,
        "recall": 0.698895980679662,
        "f1-score": 0.6973194486404058,
        "support": 698.0
    },
    "weighted avg": {
        "precision": 0.7012823484194354,
        "recall": 0.6977077363896849,
        "f1-score": 0.6970709444808673,
        "support": 698.0
    }
}